<?xml version="1.0" encoding="UTF-8"?>
<project-private xmlns="http://www.netbeans.org/ns/project-private/1">
    <editor-bookmarks xmlns="http://www.netbeans.org/ns/editor-bookmarks/2" lastBookmarkId="0"/>
    <open-files xmlns="http://www.netbeans.org/ns/projectui-open-files/2">
        <group>
            <file>file:/C:/Users/ogomez/Documents/NetBeansProjects/ServidorFicheros/src/com/iesmaestre/Peticion.java</file>
            <file>file:/C:/Users/ogomez/Documents/NetBeansProjects/ServidorFicheros/src/com/iesmaestre/servidorficheros.java</file>
            <file>file:/C:/Users/ogomez/Documents/NetBeansProjects/ServidorFicheros/src/com/iesmaestre/Cliente.java</file>
            <file>file:/C:/Users/ogomez/Documents/NetBeansProjects/ServidorFicheros/src/com/iesmaestre/Utilidades.java</file>
            <file>file:/C:/Users/ogomez/Documents/NetBeansProjects/ServidorFicheros/src/com/iesmaestre/Servidor.java</file>
            <file>file:/C:/Users/ogomez/Documents/NetBeansProjects/ServidorFicheros/src/com/iesmaestre/Constantes.java</file>
        </group>
    </open-files>
</project-private>
